Message ID,Status,Email Address,Subject,Tag,Date & Time,Bounce reason
78f96d64-b028-4e1f-b5a1-5be322a65e01,Delivered,papamoacoast@ikindergartens.nz,New enrolment enquiry submission for Inspired Kindergartens,"",2026-06-02 09:19:22 +1200,
78f96d64-b028-4e1f-b5a1-5be322a65e01,Processed,papamoacoast@ikindergartens.nz,New enrolment enquiry submission for Inspired Kindergartens,,2026-06-02 09:19:18 +1200,
608c28e2-c5ec-4367-84d3-e78299182885,Opened,welcomebay@ikindergartens.nz,New enrolment enquiry submission for Inspired Kindergartens,"",2026-06-02 08:57:14 +1200,
3195e709-bdaf-4d11-8d18-e16381936859,Opened,brookfield@ikindergartens.nz,New enrolment enquiry submission for Inspired Kindergartens,"",2026-06-02 07:43:40 +1200,
3066084f-52a1-4f0c-82ec-3edd0c75df17,Opened,brookfield@ikindergartens.nz,New enrolment enquiry submission for Inspired Kindergartens,"",2026-06-02 07:43:40 +1200,
69a37a58-8425-4709-bb49-4ba431ebbe9c,Delivered,office@ikindergartens.nz,New contact submission from 'MINWON KIM' to 'Office',"",2026-06-02 00:41:52 +1200,
69a37a58-8425-4709-bb49-4ba431ebbe9c,Processed,office@ikindergartens.nz,New contact submission from 'MINWON KIM' to 'Office',,2026-06-02 00:41:47 +1200,
3195e709-bdaf-4d11-8d18-e16381936859,Delivered,brookfield@ikindergartens.nz,New enrolment enquiry submission for Inspired Kindergartens,"",2026-06-02 00:28:22 +1200,
3195e709-bdaf-4d11-8d18-e16381936859,Processed,brookfield@ikindergartens.nz,New enrolment enquiry submission for Inspired Kindergartens,,2026-06-02 00:28:17 +1200,
096938ad-60e1-4f95-bb66-63d5aa0c6470,Delivered,tepuke@ikindergartens.nz,New enrolment enquiry submission for Inspired Kindergartens,"",2026-06-01 22:05:17 +1200,
096938ad-60e1-4f95-bb66-63d5aa0c6470,Processed,tepuke@ikindergartens.nz,New enrolment enquiry submission for Inspired Kindergartens,,2026-06-01 22:05:12 +1200,
b59f8edc-47f7-40a3-b267-77f3f049c658,Opened,haylee.dumbar@ikindergartens.nz,New contact submission from 'Deena Jensen' to 'Haylee Dumbar',"",2026-06-01 16:22:07 +1200,
b59f8edc-47f7-40a3-b267-77f3f049c658,Delivered,haylee.dumbar@ikindergartens.nz,New contact submission from 'Deena Jensen' to 'Haylee Dumbar',"",2026-06-01 13:59:15 +1200,
b59f8edc-47f7-40a3-b267-77f3f049c658,Processed,haylee.dumbar@ikindergartens.nz,New contact submission from 'Deena Jensen' to 'Haylee Dumbar',,2026-06-01 13:59:11 +1200,
08a0b5c0-b72d-472e-93f4-7d00fd757734,Delivered,opeys@ikindergartens.nz,New enrolment enquiry submission for Inspired Kindergartens,"",2026-05-31 14:17:46 +1200,
08a0b5c0-b72d-472e-93f4-7d00fd757734,Processed,opeys@ikindergartens.nz,New enrolment enquiry submission for Inspired Kindergartens,,2026-05-31 14:17:41 +1200,
eddae2b3-ca15-4da0-8563-faeb215508f3,Delivered,office@ikindergartens.nz,New contact submission from 'Tess Jefferis' to 'Kate Quirk',"",2026-05-31 13:04:39 +1200,
eddae2b3-ca15-4da0-8563-faeb215508f3,Processed,office@ikindergartens.nz,New contact submission from 'Tess Jefferis' to 'Kate Quirk',,2026-05-31 13:04:34 +1200,
3066084f-52a1-4f0c-82ec-3edd0c75df17,Delivered,brookfield@ikindergartens.nz,New enrolment enquiry submission for Inspired Kindergartens,"",2026-05-31 09:59:38 +1200,
3066084f-52a1-4f0c-82ec-3edd0c75df17,Processed,brookfield@ikindergartens.nz,New enrolment enquiry submission for Inspired Kindergartens,,2026-05-31 09:59:33 +1200,
24f5e2f0-7a3b-46cb-8d0f-2f0c83d197e1,Delivered,matua@ikindergartens.nz,New enrolment enquiry submission for Inspired Kindergartens,"",2026-05-31 09:55:57 +1200,
24f5e2f0-7a3b-46cb-8d0f-2f0c83d197e1,Processed,matua@ikindergartens.nz,New enrolment enquiry submission for Inspired Kindergartens,,2026-05-31 09:55:52 +1200,
56d9ee3c-77a8-4230-aa65-563b777a100e,Opened,maungatapu@ikindergartens.nz,New enrolment enquiry submission for Inspired Kindergartens,"",2026-05-29 12:17:09 +1200,
67a5f95d-f109-46b6-b9c9-44c7041509b9,Delivered,peter.monteith@ikindergartens.nz,New contact submission from 'Kerry Duncan' to 'Peter Monteith',"",2026-05-29 11:51:49 +1200,
67a5f95d-f109-46b6-b9c9-44c7041509b9,Processed,peter.monteith@ikindergartens.nz,New contact submission from 'Kerry Duncan' to 'Peter Monteith',,2026-05-29 11:51:45 +1200,
4cd949d4-7909-4de1-afde-9d17bb7234de,Delivered,office@ikindergartens.nz,New contact submission from 'Sara Hallas' to 'Kate Quirk',"",2026-05-28 20:04:49 +1200,
4cd949d4-7909-4de1-afde-9d17bb7234de,Processed,office@ikindergartens.nz,New contact submission from 'Sara Hallas' to 'Kate Quirk',,2026-05-28 20:04:44 +1200,
608c28e2-c5ec-4367-84d3-e78299182885,Delivered,welcomebay@ikindergartens.nz,New enrolment enquiry submission for Inspired Kindergartens,"",2026-05-28 16:52:16 +1200,
608c28e2-c5ec-4367-84d3-e78299182885,Processed,welcomebay@ikindergartens.nz,New enrolment enquiry submission for Inspired Kindergartens,,2026-05-28 16:52:12 +1200,
09b02fd9-d748-44d6-b4d7-d207403bead8,Delivered,otumoetai@ikindergartens.nz,New enrolment enquiry submission for Inspired Kindergartens,"",2026-05-28 14:43:04 +1200,
09b02fd9-d748-44d6-b4d7-d207403bead8,Processed,otumoetai@ikindergartens.nz,New enrolment enquiry submission for Inspired Kindergartens,,2026-05-28 14:43:00 +1200,
d08ec2a0-6542-4166-a3ba-491990074a75,Opened,avenues@ikindergartens.nz,New enrolment enquiry submission for Inspired Kindergartens,"",2026-05-28 11:43:09 +1200,
d08ec2a0-6542-4166-a3ba-491990074a75,Delivered,avenues@ikindergartens.nz,New enrolment enquiry submission for Inspired Kindergartens,"",2026-05-28 11:30:50 +1200,
d08ec2a0-6542-4166-a3ba-491990074a75,Processed,avenues@ikindergartens.nz,New enrolment enquiry submission for Inspired Kindergartens,,2026-05-28 11:30:43 +1200,
502ce141-b5f5-41eb-81f4-f861be75c9f4,Opened,avenues@ikindergartens.nz,New enrolment enquiry submission for Inspired Kindergartens,"",2026-05-28 08:36:35 +1200,
4320765d-a2f9-4331-9107-3b19176528c7,Opened,avenues@ikindergartens.nz,New enrolment enquiry submission for Inspired Kindergartens,"",2026-05-28 08:36:35 +1200,
d322feef-d3c5-46d1-99d0-201a72508a87,Opened,avenues@ikindergartens.nz,New enrolment enquiry submission for Inspired Kindergartens,"",2026-05-28 08:36:35 +1200,
5730af46-bc5e-4d2f-b96d-24ac0a6ce3e3,Opened,avenues@ikindergartens.nz,New enrolment enquiry submission for Inspired Kindergartens,"",2026-05-28 08:36:35 +1200,
e2b3a617-12f4-40fe-9927-f21f29ba97e9,Delivered,papamoa@ikindergartens.nz,New enrolment enquiry submission for Inspired Kindergartens,"",2026-05-27 22:16:39 +1200,
e2b3a617-12f4-40fe-9927-f21f29ba97e9,Processed,papamoa@ikindergartens.nz,New enrolment enquiry submission for Inspired Kindergartens,,2026-05-27 22:16:35 +1200,
502ce141-b5f5-41eb-81f4-f861be75c9f4,Delivered,avenues@ikindergartens.nz,New enrolment enquiry submission for Inspired Kindergartens,"",2026-05-27 21:31:53 +1200,
502ce141-b5f5-41eb-81f4-f861be75c9f4,Processed,avenues@ikindergartens.nz,New enrolment enquiry submission for Inspired Kindergartens,,2026-05-27 21:31:49 +1200,
4320765d-a2f9-4331-9107-3b19176528c7,Delivered,avenues@ikindergartens.nz,New enrolment enquiry submission for Inspired Kindergartens,"",2026-05-27 17:14:15 +1200,
4320765d-a2f9-4331-9107-3b19176528c7,Processed,avenues@ikindergartens.nz,New enrolment enquiry submission for Inspired Kindergartens,,2026-05-27 17:14:10 +1200,
56d9ee3c-77a8-4230-aa65-563b777a100e,Delivered,maungatapu@ikindergartens.nz,New enrolment enquiry submission for Inspired Kindergartens,"",2026-05-27 14:41:46 +1200,
56d9ee3c-77a8-4230-aa65-563b777a100e,Processed,maungatapu@ikindergartens.nz,New enrolment enquiry submission for Inspired Kindergartens,,2026-05-27 14:41:41 +1200,
d3a41a2c-ffb3-4493-b8e1-b5fd52b42736,Opened,office@ikindergartens.nz,New contact submission from 'Arianne Wharepapa ' to 'Office',"",2026-05-27 13:30:57 +1200,
b617f8f1-af32-4a77-8d5c-736a85baaeb5,Opened,office@ikindergartens.nz,New contact submission from 'Frances ORourke' to 'Office',"",2026-05-27 13:26:13 +1200,
cb6f1eaa-50b9-4549-84e9-33476ee45967,Opened,paengaroa@ikindergartens.nz,New enrolment enquiry submission for Inspired Kindergartens,"",2026-05-27 10:53:02 +1200,
d322feef-d3c5-46d1-99d0-201a72508a87,Delivered,avenues@ikindergartens.nz,New enrolment enquiry submission for Inspired Kindergartens,"",2026-05-27 10:41:57 +1200,
d322feef-d3c5-46d1-99d0-201a72508a87,Processed,avenues@ikindergartens.nz,New enrolment enquiry submission for Inspired Kindergartens,,2026-05-27 10:41:52 +1200,
cb6f1eaa-50b9-4549-84e9-33476ee45967,Delivered,paengaroa@ikindergartens.nz,New enrolment enquiry submission for Inspired Kindergartens,"",2026-05-27 08:10:55 +1200,
cb6f1eaa-50b9-4549-84e9-33476ee45967,Processed,paengaroa@ikindergartens.nz,New enrolment enquiry submission for Inspired Kindergartens,,2026-05-27 08:10:51 +1200,
5730af46-bc5e-4d2f-b96d-24ac0a6ce3e3,Delivered,avenues@ikindergartens.nz,New enrolment enquiry submission for Inspired Kindergartens,"",2026-05-27 01:22:02 +1200,
5730af46-bc5e-4d2f-b96d-24ac0a6ce3e3,Processed,avenues@ikindergartens.nz,New enrolment enquiry submission for Inspired Kindergartens,,2026-05-27 01:21:57 +1200,
cda929a3-5f2d-41a5-ac3b-e8306efbe1ac,Opened,gwenrogers@ikindergartens.nz,New enrolment enquiry submission for Inspired Kindergartens,"",2026-05-26 09:41:54 +1200,
d3a41a2c-ffb3-4493-b8e1-b5fd52b42736,Delivered,office@ikindergartens.nz,New contact submission from 'Arianne Wharepapa ' to 'Office',"",2026-05-26 09:15:07 +1200,
d3a41a2c-ffb3-4493-b8e1-b5fd52b42736,Processed,office@ikindergartens.nz,New contact submission from 'Arianne Wharepapa ' to 'Office',,2026-05-26 09:15:03 +1200,
01e247a9-b350-45c1-99d2-c429ba847306,Delivered,papamoa@ikindergartens.nz,New enrolment enquiry submission for Inspired Kindergartens,"",2026-05-26 09:13:33 +1200,
01e247a9-b350-45c1-99d2-c429ba847306,Processed,papamoa@ikindergartens.nz,New enrolment enquiry submission for Inspired Kindergartens,,2026-05-26 09:13:29 +1200,
b08391d8-ed0b-4927-a6e6-a473ef3d0c20,Opened,papamoacoast@ikindergartens.nz,New enrolment enquiry submission for Inspired Kindergartens,"",2026-05-26 08:15:30 +1200,
7bb8679a-a871-4394-9710-178c4e92ace5,Delivered,otumoetai@ikindergartens.nz,New enrolment enquiry submission for Inspired Kindergartens,"",2026-05-25 18:52:50 +1200,
7bb8679a-a871-4394-9710-178c4e92ace5,Processed,otumoetai@ikindergartens.nz,New enrolment enquiry submission for Inspired Kindergartens,,2026-05-25 18:52:45 +1200,
035cfb26-9c11-47f9-841d-351f1f85143a,Delivered,papamoa@ikindergartens.nz,New enrolment enquiry submission for Inspired Kindergartens,"",2026-05-25 18:27:07 +1200,
035cfb26-9c11-47f9-841d-351f1f85143a,Processed,papamoa@ikindergartens.nz,New enrolment enquiry submission for Inspired Kindergartens,,2026-05-25 18:27:03 +1200,
b08391d8-ed0b-4927-a6e6-a473ef3d0c20,Delivered,papamoacoast@ikindergartens.nz,New enrolment enquiry submission for Inspired Kindergartens,"",2026-05-25 18:25:02 +1200,
b08391d8-ed0b-4927-a6e6-a473ef3d0c20,Processed,papamoacoast@ikindergartens.nz,New enrolment enquiry submission for Inspired Kindergartens,,2026-05-25 18:24:57 +1200,
cda929a3-5f2d-41a5-ac3b-e8306efbe1ac,Delivered,gwenrogers@ikindergartens.nz,New enrolment enquiry submission for Inspired Kindergartens,"",2026-05-25 17:03:11 +1200,
cda929a3-5f2d-41a5-ac3b-e8306efbe1ac,Processed,gwenrogers@ikindergartens.nz,New enrolment enquiry submission for Inspired Kindergartens,,2026-05-25 17:03:07 +1200,
2f3a34c4-0061-478a-8d8d-e2e47133e8ec,Opened,arataki@ikindergartens.nz,New enrolment enquiry submission for Inspired Kindergartens,"",2026-05-25 14:58:29 +1200,
2f3a34c4-0061-478a-8d8d-e2e47133e8ec,Delivered,arataki@ikindergartens.nz,New enrolment enquiry submission for Inspired Kindergartens,"",2026-05-25 14:19:36 +1200,
2f3a34c4-0061-478a-8d8d-e2e47133e8ec,Processed,arataki@ikindergartens.nz,New enrolment enquiry submission for Inspired Kindergartens,,2026-05-25 14:19:31 +1200,
5751dd67-5c7a-48aa-b23d-50dca19b5bc7,Opened,opeys@ikindergartens.nz,New enrolment enquiry submission for Inspired Kindergartens,"",2026-05-25 12:41:47 +1200,
5751dd67-5c7a-48aa-b23d-50dca19b5bc7,Delivered,opeys@ikindergartens.nz,New enrolment enquiry submission for Inspired Kindergartens,"",2026-05-25 11:58:26 +1200,
5751dd67-5c7a-48aa-b23d-50dca19b5bc7,Processed,opeys@ikindergartens.nz,New enrolment enquiry submission for Inspired Kindergartens,,2026-05-25 11:58:22 +1200,
b617f8f1-af32-4a77-8d5c-736a85baaeb5,Delivered,office@ikindergartens.nz,New contact submission from 'Frances ORourke' to 'Office',"",2026-05-24 05:41:02 +1200,
b617f8f1-af32-4a77-8d5c-736a85baaeb5,Processed,office@ikindergartens.nz,New contact submission from 'Frances ORourke' to 'Office',,2026-05-24 05:40:58 +1200,
c2567dc3-fda1-418e-8f56-a1664159595f,Delivered,matua@ikindergartens.nz,New enrolment enquiry submission for Inspired Kindergartens,"",2026-05-23 20:06:33 +1200,
c2567dc3-fda1-418e-8f56-a1664159595f,Processed,matua@ikindergartens.nz,New enrolment enquiry submission for Inspired Kindergartens,,2026-05-23 20:06:29 +1200,
e187abe2-d174-454c-9bda-2c93e120c9d9,Opened,papamoacoast@ikindergartens.nz,New enrolment enquiry submission for Inspired Kindergartens,"",2026-05-22 16:27:01 +1200,
e187abe2-d174-454c-9bda-2c93e120c9d9,Delivered,papamoacoast@ikindergartens.nz,New enrolment enquiry submission for Inspired Kindergartens,"",2026-05-22 16:01:35 +1200,
e187abe2-d174-454c-9bda-2c93e120c9d9,Processed,papamoacoast@ikindergartens.nz,New enrolment enquiry submission for Inspired Kindergartens,,2026-05-22 16:01:28 +1200,
72315197-b284-43e7-be34-345e20fad839,Delivered,whangamata@ikindergartens.nz,New enrolment enquiry submission for Inspired Kindergartens,"",2026-05-22 12:58:39 +1200,
72315197-b284-43e7-be34-345e20fad839,Processed,whangamata@ikindergartens.nz,New enrolment enquiry submission for Inspired Kindergartens,,2026-05-22 12:58:34 +1200,
e4a85205-33af-4e14-bb5f-5dca0f36f05b,Delivered,peter.monteith@ikindergartens.nz,New contact submission from 'Judith Wehrle' to 'Peter Monteith',"",2026-05-22 05:21:47 +1200,
e4a85205-33af-4e14-bb5f-5dca0f36f05b,Processed,peter.monteith@ikindergartens.nz,New contact submission from 'Judith Wehrle' to 'Peter Monteith',,2026-05-22 05:21:42 +1200,
d6cec1af-48de-41cc-8bf5-a92a25707586,Delivered,office@ikindergartens.nz,New contact submission from 'Heather Rielly' to 'Office',"",2026-05-21 15:30:50 +1200,
d6cec1af-48de-41cc-8bf5-a92a25707586,Processed,office@ikindergartens.nz,New contact submission from 'Heather Rielly' to 'Office',,2026-05-21 15:30:44 +1200,
8659e236-c1f4-4137-8719-e9a26ec7da84,Delivered,otumoetai@ikindergartens.nz,New enrolment enquiry submission for Inspired Kindergartens,"",2026-05-21 12:40:23 +1200,
8659e236-c1f4-4137-8719-e9a26ec7da84,Processed,otumoetai@ikindergartens.nz,New enrolment enquiry submission for Inspired Kindergartens,,2026-05-21 12:40:19 +1200,
47cf1f90-7c8c-4679-98d9-0bbffb80b42a,Delivered,otumoetai@ikindergartens.nz,New enrolment enquiry submission for Inspired Kindergartens,"",2026-05-21 12:39:58 +1200,
47cf1f90-7c8c-4679-98d9-0bbffb80b42a,Processed,otumoetai@ikindergartens.nz,New enrolment enquiry submission for Inspired Kindergartens,,2026-05-21 12:39:53 +1200,
b08e91f4-b4a2-4c48-80bc-59791694c67f,Opened,peter.monteith@ikindergartens.nz,New contact submission from 'Senka Bosnyak' to 'Peter Monteith',"",2026-05-21 10:58:49 +1200,
6fa65c12-a65a-4fb1-bedd-cb8e12b8cb35,Opened,gwenrogers@ikindergartens.nz,New enrolment enquiry submission for Inspired Kindergartens,"",2026-05-21 09:56:15 +1200,
69d70fee-b7ea-458f-a87c-052c92d0db13,Opened,avenues@ikindergartens.nz,New enrolment enquiry submission for Inspired Kindergartens,"",2026-05-21 08:48:55 +1200,
b08e91f4-b4a2-4c48-80bc-59791694c67f,Delivered,peter.monteith@ikindergartens.nz,New contact submission from 'Senka Bosnyak' to 'Peter Monteith',"",2026-05-21 06:39:43 +1200,
b08e91f4-b4a2-4c48-80bc-59791694c67f,Processed,peter.monteith@ikindergartens.nz,New contact submission from 'Senka Bosnyak' to 'Peter Monteith',,2026-05-21 06:39:39 +1200,
6fa65c12-a65a-4fb1-bedd-cb8e12b8cb35,Delivered,gwenrogers@ikindergartens.nz,New enrolment enquiry submission for Inspired Kindergartens,"",2026-05-21 06:37:25 +1200,
6fa65c12-a65a-4fb1-bedd-cb8e12b8cb35,Processed,gwenrogers@ikindergartens.nz,New enrolment enquiry submission for Inspired Kindergartens,,2026-05-21 06:37:21 +1200,
ea8f788d-3266-4a45-8dd7-269ee710ce4a,Opened,arataki@ikindergartens.nz,New enrolment enquiry submission for Inspired Kindergartens,"",2026-05-20 19:57:14 +1200,
ea8f788d-3266-4a45-8dd7-269ee710ce4a,Delivered,arataki@ikindergartens.nz,New enrolment enquiry submission for Inspired Kindergartens,"",2026-05-20 19:26:49 +1200,
ea8f788d-3266-4a45-8dd7-269ee710ce4a,Processed,arataki@ikindergartens.nz,New enrolment enquiry submission for Inspired Kindergartens,,2026-05-20 19:26:45 +1200,
634e194f-c122-41af-8f18-e0d5a72233c9,Delivered,office@ikindergartens.nz,New contact submission from 'Daisy Moorehead' to 'Kate Quirk',"",2026-05-20 13:24:38 +1200,
634e194f-c122-41af-8f18-e0d5a72233c9,Processed,office@ikindergartens.nz,New contact submission from 'Daisy Moorehead' to 'Kate Quirk',,2026-05-20 13:24:33 +1200,
36400883-84ac-43e5-a928-e40e0e7a4d95,Opened,robyn.cousins@ikindergartens.nz,New contact submission from 'Jenna Thomsen' to 'Robyn Cousins',"",2026-05-20 12:30:08 +1200,
36400883-84ac-43e5-a928-e40e0e7a4d95,Delivered,robyn.cousins@ikindergartens.nz,New contact submission from 'Jenna Thomsen' to 'Robyn Cousins',"",2026-05-20 12:10:28 +1200,
36400883-84ac-43e5-a928-e40e0e7a4d95,Processed,robyn.cousins@ikindergartens.nz,New contact submission from 'Jenna Thomsen' to 'Robyn Cousins',,2026-05-20 12:10:23 +1200,
729d59fd-9df7-4029-bf87-cce064ed63c3,Delivered,matua@ikindergartens.nz,New enrolment enquiry submission for Inspired Kindergartens,"",2026-05-20 07:51:23 +1200,
729d59fd-9df7-4029-bf87-cce064ed63c3,Processed,matua@ikindergartens.nz,New enrolment enquiry submission for Inspired Kindergartens,,2026-05-20 07:51:18 +1200,
317322b3-d5d1-4574-8406-fefcad721388,Delivered,opeys@ikindergartens.nz,New enrolment enquiry submission for Inspired Kindergartens,"",2026-05-19 10:14:05 +1200,
317322b3-d5d1-4574-8406-fefcad721388,Processed,opeys@ikindergartens.nz,New enrolment enquiry submission for Inspired Kindergartens,,2026-05-19 10:14:00 +1200,
21923bf5-2439-4c85-8005-a1af2b0d6668,Delivered,office@ikindergartens.nz,New contact submission from 'Eric Jones' to 'Kate Quirk',"",2026-05-19 01:19:13 +1200,
21923bf5-2439-4c85-8005-a1af2b0d6668,Processed,office@ikindergartens.nz,New contact submission from 'Eric Jones' to 'Kate Quirk',,2026-05-19 01:19:08 +1200,
69d70fee-b7ea-458f-a87c-052c92d0db13,Delivered,avenues@ikindergartens.nz,New enrolment enquiry submission for Inspired Kindergartens,"",2026-05-18 18:47:02 +1200,
69d70fee-b7ea-458f-a87c-052c92d0db13,Processed,avenues@ikindergartens.nz,New enrolment enquiry submission for Inspired Kindergartens,,2026-05-18 18:46:57 +1200,
feabcb0b-98ca-4658-8a89-3891fcabb74e,Delivered,papamoa@ikindergartens.nz,New enrolment enquiry submission for Inspired Kindergartens,"",2026-05-18 15:09:11 +1200,
feabcb0b-98ca-4658-8a89-3891fcabb74e,Processed,papamoa@ikindergartens.nz,New enrolment enquiry submission for Inspired Kindergartens,,2026-05-18 15:09:06 +1200,
e257fee6-b94e-4dde-b078-a325f56bdf10,Opened,papamoacoast@ikindergartens.nz,New enrolment enquiry submission for Inspired Kindergartens,"",2026-05-18 14:06:17 +1200,
e257fee6-b94e-4dde-b078-a325f56bdf10,Delivered,papamoacoast@ikindergartens.nz,New enrolment enquiry submission for Inspired Kindergartens,"",2026-05-18 13:32:33 +1200,
e257fee6-b94e-4dde-b078-a325f56bdf10,Processed,papamoacoast@ikindergartens.nz,New enrolment enquiry submission for Inspired Kindergartens,,2026-05-18 13:32:28 +1200,
88fa29cb-1b51-4feb-9d83-8fe11d288f05,Opened,tepuna@ikindergartens.nz,New enrolment enquiry submission for Inspired Kindergartens,"",2026-05-18 12:50:46 +1200,
4d61e55b-1458-4ddd-8a12-b9bace17aa89,Opened,office@ikindergartens.nz,New contact submission from 'Krystle Hodder' to 'Office',"",2026-05-18 11:18:53 +1200,
7d0c92f0-2a72-49a2-8870-7743875e5e9d,Opened,office@ikindergartens.nz,New contact submission from 'Ruby Keane' to 'Office',"",2026-05-18 11:17:04 +1200,
4d61e55b-1458-4ddd-8a12-b9bace17aa89,Delivered,office@ikindergartens.nz,New contact submission from 'Krystle Hodder' to 'Office',"",2026-05-18 10:53:30 +1200,
4d61e55b-1458-4ddd-8a12-b9bace17aa89,Processed,office@ikindergartens.nz,New contact submission from 'Krystle Hodder' to 'Office',,2026-05-18 10:53:26 +1200,
4bc5f109-5495-4008-b6fa-3d82b21b9f3d,Opened,welcomebay@ikindergartens.nz,New enrolment enquiry submission for Inspired Kindergartens,"",2026-05-18 10:52:03 +1200,
4bc5f109-5495-4008-b6fa-3d82b21b9f3d,Delivered,welcomebay@ikindergartens.nz,New enrolment enquiry submission for Inspired Kindergartens,"",2026-05-18 10:50:28 +1200,
4bc5f109-5495-4008-b6fa-3d82b21b9f3d,Processed,welcomebay@ikindergartens.nz,New enrolment enquiry submission for Inspired Kindergartens,,2026-05-18 10:50:24 +1200,
bca3a0db-7bb1-4496-9923-26f80fab7904,Opened,papamoacoast@ikindergartens.nz,New enrolment enquiry submission for Inspired Kindergartens,"",2026-05-18 10:35:43 +1200,
077f9709-2b73-47b1-9b24-f0f2fd29a6ba,Opened,papamoacoast@ikindergartens.nz,New enrolment enquiry submission for Inspired Kindergartens,"",2026-05-18 10:35:38 +1200,
3b27afb6-a5cc-4e8d-951d-3f9ec8d60cb1,Opened,robyn.cousins@ikindergartens.nz,New contact submission from 'Tessa Wagner' to 'Robyn Cousins',"",2026-05-18 10:05:13 +1200,
3b27afb6-a5cc-4e8d-951d-3f9ec8d60cb1,Delivered,robyn.cousins@ikindergartens.nz,New contact submission from 'Tessa Wagner' to 'Robyn Cousins',"",2026-05-18 06:37:36 +1200,
3b27afb6-a5cc-4e8d-951d-3f9ec8d60cb1,Processed,robyn.cousins@ikindergartens.nz,New contact submission from 'Tessa Wagner' to 'Robyn Cousins',,2026-05-18 06:37:32 +1200,
177bc9ef-ddac-4174-bb24-098641f52643,Delivered,papamoa@ikindergartens.nz,New enrolment enquiry submission for Inspired Kindergartens,"",2026-05-17 16:06:33 +1200,
177bc9ef-ddac-4174-bb24-098641f52643,Processed,papamoa@ikindergartens.nz,New enrolment enquiry submission for Inspired Kindergartens,,2026-05-17 16:06:29 +1200,
88fa29cb-1b51-4feb-9d83-8fe11d288f05,Delivered,tepuna@ikindergartens.nz,New enrolment enquiry submission for Inspired Kindergartens,"",2026-05-17 14:47:40 +1200,
88fa29cb-1b51-4feb-9d83-8fe11d288f05,Processed,tepuna@ikindergartens.nz,New enrolment enquiry submission for Inspired Kindergartens,,2026-05-17 14:47:35 +1200,
88bee909-dba8-45b8-b360-43962a2fdb6f,Delivered,tepuke@ikindergartens.nz,New enrolment enquiry submission for Inspired Kindergartens,"",2026-05-17 14:01:28 +1200,
88bee909-dba8-45b8-b360-43962a2fdb6f,Processed,tepuke@ikindergartens.nz,New enrolment enquiry submission for Inspired Kindergartens,,2026-05-17 14:01:24 +1200,
7d0c92f0-2a72-49a2-8870-7743875e5e9d,Delivered,office@ikindergartens.nz,New contact submission from 'Ruby Keane' to 'Office',"",2026-05-17 13:58:09 +1200,
7d0c92f0-2a72-49a2-8870-7743875e5e9d,Processed,office@ikindergartens.nz,New contact submission from 'Ruby Keane' to 'Office',,2026-05-17 13:58:05 +1200,
bca3a0db-7bb1-4496-9923-26f80fab7904,Delivered,papamoacoast@ikindergartens.nz,New enrolment enquiry submission for Inspired Kindergartens,"",2026-05-16 12:41:50 +1200,
bca3a0db-7bb1-4496-9923-26f80fab7904,Processed,papamoacoast@ikindergartens.nz,New enrolment enquiry submission for Inspired Kindergartens,,2026-05-16 12:41:46 +1200,
64bfc6ae-3a08-494e-a0de-5ff51eba261b,Delivered,office@ikindergartens.nz,New contact submission from 'Holly Hansen' to 'Office',"",2026-05-16 11:58:06 +1200,
64bfc6ae-3a08-494e-a0de-5ff51eba261b,Processed,office@ikindergartens.nz,New contact submission from 'Holly Hansen' to 'Office',,2026-05-16 11:58:01 +1200,
077f9709-2b73-47b1-9b24-f0f2fd29a6ba,Delivered,papamoacoast@ikindergartens.nz,New enrolment enquiry submission for Inspired Kindergartens,"",2026-05-15 20:14:23 +1200,
077f9709-2b73-47b1-9b24-f0f2fd29a6ba,Processed,papamoacoast@ikindergartens.nz,New enrolment enquiry submission for Inspired Kindergartens,,2026-05-15 20:14:19 +1200,
8a7b294a-3449-4c40-b337-fa34d78c8fac,Opened,robyn.cousins@ikindergartens.nz,New contact submission from 'Belinda McCallion' to 'Robyn Cousins',"",2026-05-15 11:55:16 +1200,
8a7b294a-3449-4c40-b337-fa34d78c8fac,Delivered,robyn.cousins@ikindergartens.nz,New contact submission from 'Belinda McCallion' to 'Robyn Cousins',"",2026-05-15 09:47:33 +1200,
8a7b294a-3449-4c40-b337-fa34d78c8fac,Processed,robyn.cousins@ikindergartens.nz,New contact submission from 'Belinda McCallion' to 'Robyn Cousins',,2026-05-15 09:47:29 +1200,
badf84bb-e18e-4c73-9d1c-13c783c7b68b,Opened,arataki@ikindergartens.nz,New enrolment enquiry submission for Inspired Kindergartens,"",2026-05-15 06:25:20 +1200,
badf84bb-e18e-4c73-9d1c-13c783c7b68b,Delivered,arataki@ikindergartens.nz,New enrolment enquiry submission for Inspired Kindergartens,"",2026-05-14 23:19:08 +1200,
badf84bb-e18e-4c73-9d1c-13c783c7b68b,Processed,arataki@ikindergartens.nz,New enrolment enquiry submission for Inspired Kindergartens,,2026-05-14 23:19:03 +1200,
d2f829e3-9069-473f-b345-c5a8b8b087f8,Delivered,papamoa@ikindergartens.nz,New enrolment enquiry submission for Inspired Kindergartens,"",2026-05-14 19:40:28 +1200,
d2f829e3-9069-473f-b345-c5a8b8b087f8,Processed,papamoa@ikindergartens.nz,New enrolment enquiry submission for Inspired Kindergartens,,2026-05-14 19:40:23 +1200,
9f37c09d-4a6a-403b-a103-a65dbc362be1,Opened,wairakei@ikindergartens.nz,New enrolment enquiry submission for Inspired Kindergartens,"",2026-05-14 16:35:36 +1200,
67d89f8d-ee3a-438e-a5d7-5cdd3dcfce7b,Delivered,gwenrogers@ikindergartens.nz,New enrolment enquiry submission for Inspired Kindergartens,"",2026-05-14 15:49:49 +1200,
67d89f8d-ee3a-438e-a5d7-5cdd3dcfce7b,Processed,gwenrogers@ikindergartens.nz,New enrolment enquiry submission for Inspired Kindergartens,,2026-05-14 15:49:44 +1200,
227445b8-1e57-44c3-bbce-03a06ec9234d,Opened,papamoacoast@ikindergartens.nz,New enrolment enquiry submission for Inspired Kindergartens,"",2026-05-14 14:50:24 +1200,
3d5baee7-3133-4235-81a8-703b38b42ac6,Opened,papamoacoast@ikindergartens.nz,New enrolment enquiry submission for Inspired Kindergartens,"",2026-05-14 14:50:18 +1200,
85a28764-49b7-4c08-bddd-7bd53c87ff44,Opened,arataki@ikindergartens.nz,New enrolment enquiry submission for Inspired Kindergartens,"",2026-05-14 13:45:47 +1200,
9f37c09d-4a6a-403b-a103-a65dbc362be1,Delivered,wairakei@ikindergartens.nz,New enrolment enquiry submission for Inspired Kindergartens,"",2026-05-14 13:08:15 +1200,
9f37c09d-4a6a-403b-a103-a65dbc362be1,Processed,wairakei@ikindergartens.nz,New enrolment enquiry submission for Inspired Kindergartens,,2026-05-14 13:08:10 +1200,
c0a107f6-f5f2-4b98-8021-e1df8ac650ac,Delivered,papamoa@ikindergartens.nz,New enrolment enquiry submission for Inspired Kindergartens,"",2026-05-14 13:07:37 +1200,
c0a107f6-f5f2-4b98-8021-e1df8ac650ac,Processed,papamoa@ikindergartens.nz,New enrolment enquiry submission for Inspired Kindergartens,,2026-05-14 13:07:33 +1200,
227445b8-1e57-44c3-bbce-03a06ec9234d,Delivered,papamoacoast@ikindergartens.nz,New enrolment enquiry submission for Inspired Kindergartens,"",2026-05-14 13:07:01 +1200,
227445b8-1e57-44c3-bbce-03a06ec9234d,Processed,papamoacoast@ikindergartens.nz,New enrolment enquiry submission for Inspired Kindergartens,,2026-05-14 13:06:57 +1200,
21f2eb2a-12dc-4f34-8cdd-16a250fdce48,Opened,gwenrogers@ikindergartens.nz,New enrolment enquiry submission for Inspired Kindergartens,"",2026-05-14 13:06:47 +1200,
21f2eb2a-12dc-4f34-8cdd-16a250fdce48,Delivered,gwenrogers@ikindergartens.nz,New enrolment enquiry submission for Inspired Kindergartens,"",2026-05-14 13:06:13 +1200,
21f2eb2a-12dc-4f34-8cdd-16a250fdce48,Processed,gwenrogers@ikindergartens.nz,New enrolment enquiry submission for Inspired Kindergartens,,2026-05-14 13:06:09 +1200,
85a28764-49b7-4c08-bddd-7bd53c87ff44,Delivered,arataki@ikindergartens.nz,New enrolment enquiry submission for Inspired Kindergartens,"",2026-05-14 13:04:54 +1200,
85a28764-49b7-4c08-bddd-7bd53c87ff44,Processed,arataki@ikindergartens.nz,New enrolment enquiry submission for Inspired Kindergartens,,2026-05-14 13:04:48 +1200,
fc72e88d-b6cb-44c8-ab8c-4ae0276ff97b,Opened,arataki@ikindergartens.nz,New enrolment enquiry submission for Inspired Kindergartens,"",2026-05-14 10:17:10 +1200,
fc72e88d-b6cb-44c8-ab8c-4ae0276ff97b,Delivered,arataki@ikindergartens.nz,New enrolment enquiry submission for Inspired Kindergartens,"",2026-05-14 10:03:29 +1200,
fc72e88d-b6cb-44c8-ab8c-4ae0276ff97b,Processed,arataki@ikindergartens.nz,New enrolment enquiry submission for Inspired Kindergartens,,2026-05-14 10:03:25 +1200,
3d5baee7-3133-4235-81a8-703b38b42ac6,Delivered,papamoacoast@ikindergartens.nz,New enrolment enquiry submission for Inspired Kindergartens,"",2026-05-14 10:02:32 +1200,
3d5baee7-3133-4235-81a8-703b38b42ac6,Processed,papamoacoast@ikindergartens.nz,New enrolment enquiry submission for Inspired Kindergartens,,2026-05-14 10:02:28 +1200,
b5173731-34d3-4043-a370-2b4c4da04623,Opened,gwenrogers@ikindergartens.nz,New enrolment enquiry submission for Inspired Kindergartens,"",2026-05-14 09:35:59 +1200,
b5173731-34d3-4043-a370-2b4c4da04623,Delivered,gwenrogers@ikindergartens.nz,New enrolment enquiry submission for Inspired Kindergartens,"",2026-05-14 07:09:43 +1200,
b5173731-34d3-4043-a370-2b4c4da04623,Processed,gwenrogers@ikindergartens.nz,New enrolment enquiry submission for Inspired Kindergartens,,2026-05-14 07:09:39 +1200,
be5ea651-ed77-4db0-bf25-cb25326e89ad,Opened,haylee.dumbar@ikindergartens.nz,New contact submission from 'Joanna Macaulay' to 'Haylee Dumbar',"",2026-05-13 11:56:52 +1200,
be5ea651-ed77-4db0-bf25-cb25326e89ad,Delivered,haylee.dumbar@ikindergartens.nz,New contact submission from 'Joanna Macaulay' to 'Haylee Dumbar',"",2026-05-13 11:56:37 +1200,
be5ea651-ed77-4db0-bf25-cb25326e89ad,Processed,haylee.dumbar@ikindergartens.nz,New contact submission from 'Joanna Macaulay' to 'Haylee Dumbar',,2026-05-13 11:56:32 +1200,
52ab7927-3ffd-4ede-afda-42d22cb23868,Opened,brookfield@ikindergartens.nz,New enrolment enquiry submission for Inspired Kindergartens,"",2026-05-13 09:38:45 +1200,
52ab7927-3ffd-4ede-afda-42d22cb23868,Delivered,brookfield@ikindergartens.nz,New enrolment enquiry submission for Inspired Kindergartens,"",2026-05-13 09:36:51 +1200,
52ab7927-3ffd-4ede-afda-42d22cb23868,Processed,brookfield@ikindergartens.nz,New enrolment enquiry submission for Inspired Kindergartens,,2026-05-13 09:36:47 +1200,
b0c4eeea-1831-4e7a-878e-102014bd8fa3,Opened,paengaroa@ikindergartens.nz,New enrolment enquiry submission for Inspired Kindergartens,"",2026-05-12 19:06:17 +1200,
b0c4eeea-1831-4e7a-878e-102014bd8fa3,Delivered,paengaroa@ikindergartens.nz,New enrolment enquiry submission for Inspired Kindergartens,"",2026-05-12 19:05:55 +1200,
b0c4eeea-1831-4e7a-878e-102014bd8fa3,Processed,paengaroa@ikindergartens.nz,New enrolment enquiry submission for Inspired Kindergartens,,2026-05-12 19:05:50 +1200,
bf46a1dd-b63f-4fb9-a9b2-ae4264261cd7,Opened,office@ikindergartens.nz,New contact submission from 'Ellen Nash' to 'Office',"",2026-05-12 16:13:53 +1200,
413758da-f53e-4f4f-b564-10f024508353,Delivered,office@ikindergartens.nz,New contact submission from 'Janae OPrey' to 'Office',"",2026-05-12 16:06:43 +1200,
413758da-f53e-4f4f-b564-10f024508353,Processed,office@ikindergartens.nz,New contact submission from 'Janae OPrey' to 'Office',,2026-05-12 16:06:38 +1200,
2b4c2adb-ed27-4a88-8256-f2d495bb3e5a,Opened,maarawaewae@ikindergartens.nz,New enrolment enquiry submission for Inspired Kindergartens,"",2026-05-12 12:35:16 +1200,
2b4c2adb-ed27-4a88-8256-f2d495bb3e5a,Delivered,maarawaewae@ikindergartens.nz,New enrolment enquiry submission for Inspired Kindergartens,"",2026-05-12 11:44:19 +1200,
2b4c2adb-ed27-4a88-8256-f2d495bb3e5a,Processed,maarawaewae@ikindergartens.nz,New enrolment enquiry submission for Inspired Kindergartens,,2026-05-12 11:44:14 +1200,
5816f69f-a765-429e-bd40-fb9b9dbfa31e,Opened,welcomebay@ikindergartens.nz,New enrolment enquiry submission for Inspired Kindergartens,"",2026-05-12 08:46:37 +1200,
5816f69f-a765-429e-bd40-fb9b9dbfa31e,Delivered,welcomebay@ikindergartens.nz,New enrolment enquiry submission for Inspired Kindergartens,"",2026-05-12 08:42:51 +1200,
5816f69f-a765-429e-bd40-fb9b9dbfa31e,Processed,welcomebay@ikindergartens.nz,New enrolment enquiry submission for Inspired Kindergartens,,2026-05-12 08:42:47 +1200,
cbecdec0-915b-432c-845e-4b0a92522a93,Opened,gwenrogers@ikindergartens.nz,New enrolment enquiry submission for Inspired Kindergartens,"",2026-05-12 07:50:23 +1200,
bf46a1dd-b63f-4fb9-a9b2-ae4264261cd7,Delivered,office@ikindergartens.nz,New contact submission from 'Ellen Nash' to 'Office',"",2026-05-11 22:37:34 +1200,
bf46a1dd-b63f-4fb9-a9b2-ae4264261cd7,Processed,office@ikindergartens.nz,New contact submission from 'Ellen Nash' to 'Office',,2026-05-11 22:37:29 +1200,
cbecdec0-915b-432c-845e-4b0a92522a93,Delivered,gwenrogers@ikindergartens.nz,New enrolment enquiry submission for Inspired Kindergartens,"",2026-05-11 13:23:40 +1200,
cbecdec0-915b-432c-845e-4b0a92522a93,Processed,gwenrogers@ikindergartens.nz,New enrolment enquiry submission for Inspired Kindergartens,,2026-05-11 13:23:36 +1200,
630e535b-7bd8-46fb-b4f2-60cb2f7a7360,Delivered,matua@ikindergartens.nz,New enrolment enquiry submission for Inspired Kindergartens,"",2026-05-11 09:44:03 +1200,
630e535b-7bd8-46fb-b4f2-60cb2f7a7360,Processed,matua@ikindergartens.nz,New enrolment enquiry submission for Inspired Kindergartens,,2026-05-11 09:43:59 +1200,
93252c3c-f7ad-449f-98b0-53a426ce00c4,Delivered,papamoa@ikindergartens.nz,New enrolment enquiry submission for Inspired Kindergartens,"",2026-05-11 07:59:13 +1200,
93252c3c-f7ad-449f-98b0-53a426ce00c4,Processed,papamoa@ikindergartens.nz,New enrolment enquiry submission for Inspired Kindergartens,,2026-05-11 07:59:09 +1200,
3a82a7ac-1259-4bcb-8174-d99c6fbe424e,Delivered,office@ikindergartens.nz,New contact submission from 'Kevin' to 'Office',"",2026-05-08 15:59:38 +1200,
3a82a7ac-1259-4bcb-8174-d99c6fbe424e,Processed,office@ikindergartens.nz,New contact submission from 'Kevin' to 'Office',,2026-05-08 15:59:34 +1200,
b0cdb252-77e8-4c84-9d43-1c8c6588b3c6,Delivered,office@ikindergartens.nz,New contact submission from 'Stephanie Leeves Annan' to 'Kate Quirk',"",2026-05-08 13:57:36 +1200,
b0cdb252-77e8-4c84-9d43-1c8c6588b3c6,Processed,office@ikindergartens.nz,New contact submission from 'Stephanie Leeves Annan' to 'Kate Quirk',,2026-05-08 13:57:31 +1200,
29361f52-6390-42cf-b36d-0cb821aa8793,Delivered,otumoetai@ikindergartens.nz,New enrolment enquiry submission for Inspired Kindergartens,"",2026-05-07 22:02:49 +1200,
29361f52-6390-42cf-b36d-0cb821aa8793,Processed,otumoetai@ikindergartens.nz,New enrolment enquiry submission for Inspired Kindergartens,,2026-05-07 22:02:44 +1200,
0ed31f8e-d3aa-4ca2-8def-847435c3b1b9,Opened,papamoacoast@ikindergartens.nz,New enrolment enquiry submission for Inspired Kindergartens,"",2026-05-07 17:21:13 +1200,
0ed31f8e-d3aa-4ca2-8def-847435c3b1b9,Delivered,papamoacoast@ikindergartens.nz,New enrolment enquiry submission for Inspired Kindergartens,"",2026-05-07 15:57:03 +1200,
0ed31f8e-d3aa-4ca2-8def-847435c3b1b9,Processed,papamoacoast@ikindergartens.nz,New enrolment enquiry submission for Inspired Kindergartens,,2026-05-07 15:56:57 +1200,
ae64a804-703a-4197-a8aa-fed40504656c,Opened,welcomebay@ikindergartens.nz,New enrolment enquiry submission for Inspired Kindergartens,"",2026-05-07 12:08:52 +1200,
ae64a804-703a-4197-a8aa-fed40504656c,Delivered,welcomebay@ikindergartens.nz,New enrolment enquiry submission for Inspired Kindergartens,"",2026-05-07 09:48:25 +1200,
ae64a804-703a-4197-a8aa-fed40504656c,Processed,welcomebay@ikindergartens.nz,New enrolment enquiry submission for Inspired Kindergartens,,2026-05-07 09:48:21 +1200,
0ca8f914-588d-48a9-a072-ddce53c8f25e,Opened,accounts@ikindergartens.nz,New contact submission from 'Robert Hodge' to 'Val Hulley',"",2026-05-07 09:28:09 +1200,
22283ecd-3444-4ca0-bcda-2602a63512b9,Delivered,papamoa@ikindergartens.nz,New enrolment enquiry submission for Inspired Kindergartens,"",2026-05-06 21:59:24 +1200,
22283ecd-3444-4ca0-bcda-2602a63512b9,Processed,papamoa@ikindergartens.nz,New enrolment enquiry submission for Inspired Kindergartens,,2026-05-06 21:59:20 +1200,
3026d210-799b-46f3-8047-b75fa139e9f6,Delivered,peter.monteith@ikindergartens.nz,New contact submission from 'Ashlee White' to 'Peter Monteith',"",2026-05-05 15:40:13 +1200,
3026d210-799b-46f3-8047-b75fa139e9f6,Processed,peter.monteith@ikindergartens.nz,New contact submission from 'Ashlee White' to 'Peter Monteith',,2026-05-05 15:40:08 +1200,
19ad0260-47e9-4880-8e47-8fbb0755eed2,Opened,office@ikindergartens.nz,New contact submission from 'Jason Puru' to 'Kate Quirk',"",2026-05-05 15:33:47 +1200,
bbc8c65e-321f-45c2-b991-7b4438f55041,Delivered,otumoetai@ikindergartens.nz,New enrolment enquiry submission for Inspired Kindergartens,"",2026-05-05 15:00:49 +1200,
bbc8c65e-321f-45c2-b991-7b4438f55041,Processed,otumoetai@ikindergartens.nz,New enrolment enquiry submission for Inspired Kindergartens,,2026-05-05 15:00:45 +1200,
19ad0260-47e9-4880-8e47-8fbb0755eed2,Delivered,office@ikindergartens.nz,New contact submission from 'Jason Puru' to 'Kate Quirk',"",2026-05-05 09:41:39 +1200,
19ad0260-47e9-4880-8e47-8fbb0755eed2,Processed,office@ikindergartens.nz,New contact submission from 'Jason Puru' to 'Kate Quirk',,2026-05-05 09:41:34 +1200,
eb3384b9-d5d6-4df8-b206-bee02f4a5e5a,Opened,peter.monteith@ikindergartens.nz,New contact submission from 'Teroku Robertson ' to 'Peter Monteith',"",2026-05-04 12:36:14 +1200,
0f43c179-6df2-4314-ae29-2f456ecd80e4,Opened,office@ikindergartens.nz,New contact submission from 'kamal deep kaur' to 'Office',"",2026-05-04 12:33:39 +1200,
eb3384b9-d5d6-4df8-b206-bee02f4a5e5a,Delivered,peter.monteith@ikindergartens.nz,New contact submission from 'Teroku Robertson ' to 'Peter Monteith',"",2026-05-04 11:44:12 +1200,
eb3384b9-d5d6-4df8-b206-bee02f4a5e5a,Processed,peter.monteith@ikindergartens.nz,New contact submission from 'Teroku Robertson ' to 'Peter Monteith',,2026-05-04 11:44:07 +1200,
832043e3-7c6b-4e61-8bc5-47904ae1e9c4,Opened,gwenrogers@ikindergartens.nz,New enrolment enquiry submission for Inspired Kindergartens,"",2026-05-04 11:37:23 +1200,
832043e3-7c6b-4e61-8bc5-47904ae1e9c4,Delivered,gwenrogers@ikindergartens.nz,New enrolment enquiry submission for Inspired Kindergartens,"",2026-05-04 11:14:37 +1200,
832043e3-7c6b-4e61-8bc5-47904ae1e9c4,Processed,gwenrogers@ikindergartens.nz,New enrolment enquiry submission for Inspired Kindergartens,,2026-05-04 11:14:33 +1200,
85ade8e3-14d3-44df-bc01-be3f430372c0,Delivered,whangamata@ikindergartens.nz,New enrolment enquiry submission for Inspired Kindergartens,"",2026-05-04 11:04:32 +1200,
85ade8e3-14d3-44df-bc01-be3f430372c0,Processed,whangamata@ikindergartens.nz,New enrolment enquiry submission for Inspired Kindergartens,,2026-05-04 11:04:28 +1200,
987b88f6-2441-4981-a82e-999fdfca3e35,Opened,avenues@ikindergartens.nz,New enrolment enquiry submission for Inspired Kindergartens,"",2026-05-04 09:05:05 +1200,
987b88f6-2441-4981-a82e-999fdfca3e35,Delivered,avenues@ikindergartens.nz,New enrolment enquiry submission for Inspired Kindergartens,"",2026-05-04 09:03:19 +1200,
987b88f6-2441-4981-a82e-999fdfca3e35,Processed,avenues@ikindergartens.nz,New enrolment enquiry submission for Inspired Kindergartens,,2026-05-04 09:03:14 +1200,
0f43c179-6df2-4314-ae29-2f456ecd80e4,Delivered,office@ikindergartens.nz,New contact submission from 'kamal deep kaur' to 'Office',"",2026-05-04 08:55:38 +1200,
0f43c179-6df2-4314-ae29-2f456ecd80e4,Processed,office@ikindergartens.nz,New contact submission from 'kamal deep kaur' to 'Office',,2026-05-04 08:55:34 +1200,
a2f593b2-5804-4318-b0ef-dc31e9617fe1,Opened,welcomebay@ikindergartens.nz,New enrolment enquiry submission for Inspired Kindergartens,"",2026-05-04 08:50:50 +1200,
6af80471-8190-46d8-a5af-b2909ee09b86,Delivered,katikati@ikindergartens.nz,New enrolment enquiry submission for Inspired Kindergartens,"",2026-05-03 18:12:34 +1200,
6af80471-8190-46d8-a5af-b2909ee09b86,Processed,katikati@ikindergartens.nz,New enrolment enquiry submission for Inspired Kindergartens,,2026-05-03 18:12:30 +1200,
0ca8f914-588d-48a9-a072-ddce53c8f25e,Delivered,accounts@ikindergartens.nz,New contact submission from 'Robert Hodge' to 'Val Hulley',"",2026-05-02 10:00:27 +1200,
0ca8f914-588d-48a9-a072-ddce53c8f25e,Processed,accounts@ikindergartens.nz,New contact submission from 'Robert Hodge' to 'Val Hulley',,2026-05-02 10:00:22 +1200,
a2f593b2-5804-4318-b0ef-dc31e9617fe1,Delivered,welcomebay@ikindergartens.nz,New enrolment enquiry submission for Inspired Kindergartens,"",2026-04-30 21:18:04 +1200,
a2f593b2-5804-4318-b0ef-dc31e9617fe1,Processed,welcomebay@ikindergartens.nz,New enrolment enquiry submission for Inspired Kindergartens,,2026-04-30 21:18:00 +1200,
1734d407-a449-4efa-87ca-1814756af140,Delivered,marion.dekker@ikindergartens.nz,New contact submission from 'Neil Anthony Crowe ' to 'Marion Dekker',"",2026-04-30 20:02:24 +1200,
1734d407-a449-4efa-87ca-1814756af140,Processed,marion.dekker@ikindergartens.nz,New contact submission from 'Neil Anthony Crowe ' to 'Marion Dekker',,2026-04-30 20:02:19 +1200,
f26850b7-6962-4851-820f-507a91e09716,Opened,whakamarama@ikindergartens.nz,New enrolment enquiry submission for Inspired Kindergartens,"",2026-04-30 19:11:56 +1200,
f26850b7-6962-4851-820f-507a91e09716,Delivered,whakamarama@ikindergartens.nz,New enrolment enquiry submission for Inspired Kindergartens,"",2026-04-30 19:11:23 +1200,
f26850b7-6962-4851-820f-507a91e09716,Processed,whakamarama@ikindergartens.nz,New enrolment enquiry submission for Inspired Kindergartens,,2026-04-30 19:11:19 +1200,
a63d8a10-826b-4694-a368-6facc27cd8b2,Delivered,katikati@ikindergartens.nz,New enrolment enquiry submission for Inspired Kindergartens,"",2026-04-30 19:06:37 +1200,
a63d8a10-826b-4694-a368-6facc27cd8b2,Processed,katikati@ikindergartens.nz,New enrolment enquiry submission for Inspired Kindergartens,,2026-04-30 19:06:32 +1200,
de4ac7e4-8124-4a1d-b164-62a746da12c8,Opened,maungatapu@ikindergartens.nz,New enrolment enquiry submission for Inspired Kindergartens,"",2026-04-30 12:22:38 +1200,
20cb604a-1526-4e2a-baee-8e8c0e536f38,Delivered,office@ikindergartens.nz,New contact submission from 'Tanya Batt' to 'Office',"",2026-04-30 10:21:13 +1200,
20cb604a-1526-4e2a-baee-8e8c0e536f38,Processed,office@ikindergartens.nz,New contact submission from 'Tanya Batt' to 'Office',,2026-04-30 10:21:08 +1200,
312f6395-55ad-452d-9b2f-399e2155f688,Opened,arataki@ikindergartens.nz,New enrolment enquiry submission for Inspired Kindergartens,"",2026-04-30 09:54:01 +1200,
1301a7e2-35e0-46a6-a613-2af11878864a,Opened,gwenrogers@ikindergartens.nz,New enrolment enquiry submission for Inspired Kindergartens,"",2026-04-30 09:52:53 +1200,
312f6395-55ad-452d-9b2f-399e2155f688,Delivered,arataki@ikindergartens.nz,New enrolment enquiry submission for Inspired Kindergartens,"",2026-04-30 09:48:41 +1200,
312f6395-55ad-452d-9b2f-399e2155f688,Processed,arataki@ikindergartens.nz,New enrolment enquiry submission for Inspired Kindergartens,,2026-04-30 09:48:37 +1200,
1301a7e2-35e0-46a6-a613-2af11878864a,Delivered,gwenrogers@ikindergartens.nz,New enrolment enquiry submission for Inspired Kindergartens,"",2026-04-30 08:47:36 +1200,
1301a7e2-35e0-46a6-a613-2af11878864a,Processed,gwenrogers@ikindergartens.nz,New enrolment enquiry submission for Inspired Kindergartens,,2026-04-30 08:47:31 +1200,
408e0097-84a1-4a36-a8fa-f35a10a2eead,Opened,welcomebay@ikindergartens.nz,New enrolment enquiry submission for Inspired Kindergartens,"",2026-04-29 19:56:04 +1200,
408e0097-84a1-4a36-a8fa-f35a10a2eead,Delivered,welcomebay@ikindergartens.nz,New enrolment enquiry submission for Inspired Kindergartens,"",2026-04-29 15:22:00 +1200,
408e0097-84a1-4a36-a8fa-f35a10a2eead,Processed,welcomebay@ikindergartens.nz,New enrolment enquiry submission for Inspired Kindergartens,,2026-04-29 15:21:55 +1200,
f6c5500d-6b9a-472c-a691-5e0a33f721ca,Opened,gwenrogers@ikindergartens.nz,New enrolment enquiry submission for Inspired Kindergartens,"",2026-04-29 12:53:10 +1200,
13a2f734-e028-42d8-96e4-ce307d0bceac,Opened,gwenrogers@ikindergartens.nz,New enrolment enquiry submission for Inspired Kindergartens,"",2026-04-29 12:53:07 +1200,
6d1732e8-e49e-4ca7-95ac-590b419972d7,Delivered,papamoa@ikindergartens.nz,New enrolment enquiry submission for Inspired Kindergartens,"",2026-04-29 12:47:03 +1200,
6d1732e8-e49e-4ca7-95ac-590b419972d7,Processed,papamoa@ikindergartens.nz,New enrolment enquiry submission for Inspired Kindergartens,,2026-04-29 12:46:59 +1200,
13a2f734-e028-42d8-96e4-ce307d0bceac,Delivered,gwenrogers@ikindergartens.nz,New enrolment enquiry submission for Inspired Kindergartens,"",2026-04-29 12:38:03 +1200,
13a2f734-e028-42d8-96e4-ce307d0bceac,Processed,gwenrogers@ikindergartens.nz,New enrolment enquiry submission for Inspired Kindergartens,,2026-04-29 12:37:58 +1200,
f6c5500d-6b9a-472c-a691-5e0a33f721ca,Delivered,gwenrogers@ikindergartens.nz,New enrolment enquiry submission for Inspired Kindergartens,"",2026-04-29 12:33:16 +1200,
f6c5500d-6b9a-472c-a691-5e0a33f721ca,Processed,gwenrogers@ikindergartens.nz,New enrolment enquiry submission for Inspired Kindergartens,,2026-04-29 12:33:12 +1200,
de4ac7e4-8124-4a1d-b164-62a746da12c8,Delivered,maungatapu@ikindergartens.nz,New enrolment enquiry submission for Inspired Kindergartens,"",2026-04-29 11:47:49 +1200,
de4ac7e4-8124-4a1d-b164-62a746da12c8,Processed,maungatapu@ikindergartens.nz,New enrolment enquiry submission for Inspired Kindergartens,,2026-04-29 11:47:45 +1200,
f7b2ab5b-b5d4-4e76-9cd6-948748ee14a0,Opened,office@ikindergartens.nz,New contact submission from 'Samantha Gray ' to 'Kate Quirk',"",2026-04-29 09:11:15 +1200,
1dd4f255-ceb7-4031-8ffa-f0a602430bd4,Delivered,matua@ikindergartens.nz,New enrolment enquiry submission for Inspired Kindergartens,"",2026-04-28 16:37:36 +1200,
1dd4f255-ceb7-4031-8ffa-f0a602430bd4,Processed,matua@ikindergartens.nz,New enrolment enquiry submission for Inspired Kindergartens,,2026-04-28 16:37:31 +1200,
da51965f-a99d-4201-9347-7cde5c57ce01,Delivered,whangamata@ikindergartens.nz,New enrolment enquiry submission for Inspired Kindergartens,"",2026-04-28 14:36:11 +1200,
da51965f-a99d-4201-9347-7cde5c57ce01,Processed,whangamata@ikindergartens.nz,New enrolment enquiry submission for Inspired Kindergartens,,2026-04-28 14:36:08 +1200,
0f8122d9-e755-4e74-b5ae-c955fe8ae2f1,Delivered,whangamata@ikindergartens.nz,New enrolment enquiry submission for Inspired Kindergartens,"",2026-04-28 14:34:42 +1200,
0f8122d9-e755-4e74-b5ae-c955fe8ae2f1,Processed,whangamata@ikindergartens.nz,New enrolment enquiry submission for Inspired Kindergartens,,2026-04-28 14:34:37 +1200,
e57dbc53-61af-4163-986d-870d46882d20,Opened,maungatapu@ikindergartens.nz,New enrolment enquiry submission for Inspired Kindergartens,"",2026-04-28 12:54:47 +1200,
7b1b4811-59df-4097-b7f4-c9920ed2d562,Delivered,katikati@ikindergartens.nz,New enrolment enquiry submission for Inspired Kindergartens,"",2026-04-28 12:40:17 +1200,
7b1b4811-59df-4097-b7f4-c9920ed2d562,Processed,katikati@ikindergartens.nz,New enrolment enquiry submission for Inspired Kindergartens,,2026-04-28 12:40:12 +1200,
c05809fa-1e14-4f83-9864-ed3dfab7e1d4,Opened,papamoacoast@ikindergartens.nz,New enrolment enquiry submission for Inspired Kindergartens,"",2026-04-28 11:28:28 +1200,
c05809fa-1e14-4f83-9864-ed3dfab7e1d4,Delivered,papamoacoast@ikindergartens.nz,New enrolment enquiry submission for Inspired Kindergartens,"",2026-04-28 11:19:05 +1200,
c05809fa-1e14-4f83-9864-ed3dfab7e1d4,Processed,papamoacoast@ikindergartens.nz,New enrolment enquiry submission for Inspired Kindergartens,,2026-04-28 11:18:59 +1200,
d2c2970e-e3c8-4d1a-b92d-30fa9130a1ba,Opened,office@ikindergartens.nz,New contact submission from 'Moana Cullen ' to 'Kate Quirk',"",2026-04-28 11:06:29 +1200,
1800282b-a440-4907-8057-1a858b7c6391,Delivered,otumoetai@ikindergartens.nz,New enrolment enquiry submission for Inspired Kindergartens,"",2026-04-28 10:27:23 +1200,
1800282b-a440-4907-8057-1a858b7c6391,Processed,otumoetai@ikindergartens.nz,New enrolment enquiry submission for Inspired Kindergartens,,2026-04-28 10:27:17 +1200,
f7b2ab5b-b5d4-4e76-9cd6-948748ee14a0,Delivered,office@ikindergartens.nz,New contact submission from 'Samantha Gray ' to 'Kate Quirk',"",2026-04-28 10:25:24 +1200,
f7b2ab5b-b5d4-4e76-9cd6-948748ee14a0,Processed,office@ikindergartens.nz,New contact submission from 'Samantha Gray ' to 'Kate Quirk',,2026-04-28 10:25:20 +1200,
e57dbc53-61af-4163-986d-870d46882d20,Delivered,maungatapu@ikindergartens.nz,New enrolment enquiry submission for Inspired Kindergartens,"",2026-04-28 08:50:59 +1200,
e57dbc53-61af-4163-986d-870d46882d20,Processed,maungatapu@ikindergartens.nz,New enrolment enquiry submission for Inspired Kindergartens,,2026-04-28 08:50:55 +1200,
5939f322-56f1-4094-a88c-15a9b4192098,Opened,gwenrogers@ikindergartens.nz,New enrolment enquiry submission for Inspired Kindergartens,"",2026-04-28 08:30:46 +1200,
5939f322-56f1-4094-a88c-15a9b4192098,Delivered,gwenrogers@ikindergartens.nz,New enrolment enquiry submission for Inspired Kindergartens,"",2026-04-28 08:15:39 +1200,
5939f322-56f1-4094-a88c-15a9b4192098,Processed,gwenrogers@ikindergartens.nz,New enrolment enquiry submission for Inspired Kindergartens,,2026-04-28 08:15:35 +1200,
cbb078ed-5591-41e2-bb14-91712865032d,Opened,maarawaewae@ikindergartens.nz,New enrolment enquiry submission for Inspired Kindergartens,"",2026-04-28 07:24:56 +1200,
15979b1d-6df5-4f93-9336-6e30b729e64a,Opened,tepuna@ikindergartens.nz,New enrolment enquiry submission for Inspired Kindergartens,"",2026-04-27 13:22:05 +1200,
f083f143-8e15-4165-9028-9246e4dbbbd2,Delivered,katikati@ikindergartens.nz,New enrolment enquiry submission for Inspired Kindergartens,"",2026-04-27 11:35:46 +1200,
f083f143-8e15-4165-9028-9246e4dbbbd2,Processed,katikati@ikindergartens.nz,New enrolment enquiry submission for Inspired Kindergartens,,2026-04-27 11:35:42 +1200,
d2c2970e-e3c8-4d1a-b92d-30fa9130a1ba,Delivered,office@ikindergartens.nz,New contact submission from 'Moana Cullen ' to 'Kate Quirk',"",2026-04-27 10:11:09 +1200,
d2c2970e-e3c8-4d1a-b92d-30fa9130a1ba,Processed,office@ikindergartens.nz,New contact submission from 'Moana Cullen ' to 'Kate Quirk',,2026-04-27 10:11:05 +1200,
cbb078ed-5591-41e2-bb14-91712865032d,Delivered,maarawaewae@ikindergartens.nz,New enrolment enquiry submission for Inspired Kindergartens,"",2026-04-27 09:06:12 +1200,
cbb078ed-5591-41e2-bb14-91712865032d,Processed,maarawaewae@ikindergartens.nz,New enrolment enquiry submission for Inspired Kindergartens,,2026-04-27 09:06:07 +1200,
15979b1d-6df5-4f93-9336-6e30b729e64a,Delivered,tepuna@ikindergartens.nz,New enrolment enquiry submission for Inspired Kindergartens,"",2026-04-26 18:53:40 +1200,
15979b1d-6df5-4f93-9336-6e30b729e64a,Processed,tepuna@ikindergartens.nz,New enrolment enquiry submission for Inspired Kindergartens,,2026-04-26 18:53:35 +1200,
c6d7dc1e-d75b-4642-9433-5cc933d015d0,Opened,maarawaewae@ikindergartens.nz,New enrolment enquiry submission for Inspired Kindergartens,"",2026-04-24 21:33:59 +1200,
c6d7dc1e-d75b-4642-9433-5cc933d015d0,Delivered,maarawaewae@ikindergartens.nz,New enrolment enquiry submission for Inspired Kindergartens,"",2026-04-24 20:45:31 +1200,
c6d7dc1e-d75b-4642-9433-5cc933d015d0,Processed,maarawaewae@ikindergartens.nz,New enrolment enquiry submission for Inspired Kindergartens,,2026-04-24 20:45:26 +1200,
42d70e5a-1f5e-4cda-9572-cc4b594d6e1d,Delivered,carolyn.oconnor@ikindergartens.nz,New contact submission from 'Asa Donahoe' to 'Carolyn O'Connor',"",2026-04-24 03:58:48 +1200,
42d70e5a-1f5e-4cda-9572-cc4b594d6e1d,Processed,carolyn.oconnor@ikindergartens.nz,New contact submission from 'Asa Donahoe' to 'Carolyn O'Connor',,2026-04-24 03:58:43 +1200,
5e219bec-dd51-4000-8fbe-deaa838e42a9,Opened,paengaroa@ikindergartens.nz,New enrolment enquiry submission for Inspired Kindergartens,"",2026-04-22 18:46:09 +1200,
dc29c832-1717-4142-90d0-9f8bf1293566,Delivered,tepuke@ikindergartens.nz,New enrolment enquiry submission for Inspired Kindergartens,"",2026-04-22 18:46:07 +1200,
dc29c832-1717-4142-90d0-9f8bf1293566,Processed,tepuke@ikindergartens.nz,New enrolment enquiry submission for Inspired Kindergartens,,2026-04-22 18:46:02 +1200,
5e219bec-dd51-4000-8fbe-deaa838e42a9,Delivered,paengaroa@ikindergartens.nz,New enrolment enquiry submission for Inspired Kindergartens,"",2026-04-22 18:44:28 +1200,
5e219bec-dd51-4000-8fbe-deaa838e42a9,Processed,paengaroa@ikindergartens.nz,New enrolment enquiry submission for Inspired Kindergartens,,2026-04-22 18:44:23 +1200,
0c8376b6-86eb-47c2-8376-f663f9c8ffff,Opened,taiofenua@ikindergartens.nz,New enrolment enquiry submission for Inspired Kindergartens,"",2026-04-22 15:41:41 +1200,
81e439ff-a0a0-417c-95f8-4dec35792d72,Opened,wairakei@ikindergartens.nz,New enrolment enquiry submission for Inspired Kindergartens,"",2026-04-22 14:44:21 +1200,
575c64f5-903d-4d31-876b-7bd35ef89a80,Opened,office@ikindergartens.nz,New contact submission from 'Carina Fenwick' to 'Office',"",2026-04-22 14:13:39 +1200,
575c64f5-903d-4d31-876b-7bd35ef89a80,Delivered,office@ikindergartens.nz,New contact submission from 'Carina Fenwick' to 'Office',"",2026-04-22 13:38:24 +1200,
575c64f5-903d-4d31-876b-7bd35ef89a80,Processed,office@ikindergartens.nz,New contact submission from 'Carina Fenwick' to 'Office',,2026-04-22 13:38:20 +1200,
81e439ff-a0a0-417c-95f8-4dec35792d72,Delivered,wairakei@ikindergartens.nz,New enrolment enquiry submission for Inspired Kindergartens,"",2026-04-22 13:01:55 +1200,
81e439ff-a0a0-417c-95f8-4dec35792d72,Processed,wairakei@ikindergartens.nz,New enrolment enquiry submission for Inspired Kindergartens,,2026-04-22 13:01:50 +1200,
b253a999-b9d6-4cc1-9a14-1fca31ed22d0,Opened,maungaarangi@ikindergartens.nz,New enrolment enquiry submission for Inspired Kindergartens,"",2026-04-22 12:17:48 +1200,
b253a999-b9d6-4cc1-9a14-1fca31ed22d0,Delivered,maungaarangi@ikindergartens.nz,New enrolment enquiry submission for Inspired Kindergartens,"",2026-04-22 12:00:20 +1200,
b253a999-b9d6-4cc1-9a14-1fca31ed22d0,Processed,maungaarangi@ikindergartens.nz,New enrolment enquiry submission for Inspired Kindergartens,,2026-04-22 12:00:15 +1200,
f26e706c-7fbd-4d60-af94-dadcc7dda3ae,Opened,whangamata@ikindergartens.nz,New enrolment enquiry submission for Inspired Kindergartens,"",2026-04-22 10:34:08 +1200,
e91123de-a088-4b56-b2d6-ce47227db8c5,Opened,whangamata@ikindergartens.nz,New enrolment enquiry submission for Inspired Kindergartens,"",2026-04-22 10:34:06 +1200,
534fde67-a5c4-4c0f-b76b-1606feea1d0b,Opened,taiofenua@ikindergartens.nz,New enrolment enquiry submission for Inspired Kindergartens,"",2026-04-22 10:32:42 +1200,
205f570c-d6a5-4292-8dc0-540cb2fbabe9,Opened,office@ikindergartens.nz,New contact submission from 'Julie' to 'Office',"",2026-04-22 09:05:54 +1200,
534fde67-a5c4-4c0f-b76b-1606feea1d0b,Delivered,taiofenua@ikindergartens.nz,New enrolment enquiry submission for Inspired Kindergartens,"",2026-04-22 08:59:47 +1200,
534fde67-a5c4-4c0f-b76b-1606feea1d0b,Processed,taiofenua@ikindergartens.nz,New enrolment enquiry submission for Inspired Kindergartens,,2026-04-22 08:59:43 +1200,
0c8376b6-86eb-47c2-8376-f663f9c8ffff,Delivered,taiofenua@ikindergartens.nz,New enrolment enquiry submission for Inspired Kindergartens,"",2026-04-22 08:55:25 +1200,
0c8376b6-86eb-47c2-8376-f663f9c8ffff,Processed,taiofenua@ikindergartens.nz,New enrolment enquiry submission for Inspired Kindergartens,,2026-04-22 08:55:20 +1200,
205f570c-d6a5-4292-8dc0-540cb2fbabe9,Delivered,office@ikindergartens.nz,New contact submission from 'Julie' to 'Office',"",2026-04-22 07:46:15 +1200,
205f570c-d6a5-4292-8dc0-540cb2fbabe9,Processed,office@ikindergartens.nz,New contact submission from 'Julie' to 'Office',,2026-04-22 07:46:11 +1200,
03b6ebc8-0b31-4eb0-ae5f-56da141e7238,Opened,brookfield@ikindergartens.nz,New enrolment enquiry submission for Inspired Kindergartens,"",2026-04-22 07:41:27 +1200,
f26e706c-7fbd-4d60-af94-dadcc7dda3ae,Delivered,whangamata@ikindergartens.nz,New enrolment enquiry submission for Inspired Kindergartens,"",2026-04-22 03:00:44 +1200,
f26e706c-7fbd-4d60-af94-dadcc7dda3ae,Processed,whangamata@ikindergartens.nz,New enrolment enquiry submission for Inspired Kindergartens,,2026-04-22 03:00:38 +1200,
e91123de-a088-4b56-b2d6-ce47227db8c5,Delivered,whangamata@ikindergartens.nz,New enrolment enquiry submission for Inspired Kindergartens,"",2026-04-22 02:55:03 +1200,
e91123de-a088-4b56-b2d6-ce47227db8c5,Processed,whangamata@ikindergartens.nz,New enrolment enquiry submission for Inspired Kindergartens,,2026-04-22 02:54:59 +1200,
ac22cdd1-f2a5-469a-91f3-1a9860b52962,Opened,paengaroa@ikindergartens.nz,New enrolment enquiry submission for Inspired Kindergartens,"",2026-04-21 18:29:31 +1200,
ac22cdd1-f2a5-469a-91f3-1a9860b52962,Delivered,paengaroa@ikindergartens.nz,New enrolment enquiry submission for Inspired Kindergartens,"",2026-04-21 18:27:57 +1200,
ac22cdd1-f2a5-469a-91f3-1a9860b52962,Processed,paengaroa@ikindergartens.nz,New enrolment enquiry submission for Inspired Kindergartens,,2026-04-21 18:27:53 +1200,
5f576541-a2d6-48b4-a635-972c9e1b6050,Delivered,papamoa@ikindergartens.nz,New enrolment enquiry submission for Inspired Kindergartens,"",2026-04-21 18:23:58 +1200,
5f576541-a2d6-48b4-a635-972c9e1b6050,Processed,papamoa@ikindergartens.nz,New enrolment enquiry submission for Inspired Kindergartens,,2026-04-21 18:23:53 +1200,
d9a6990e-950c-4bfa-8c4d-2ba186e3d5a2,Opened,papamoacoast@ikindergartens.nz,New enrolment enquiry submission for Inspired Kindergartens,"",2026-04-21 09:07:43 +1200,
af5d6a5c-379a-4298-ba57-aa428bd1b4c1,Delivered,papamoa@ikindergartens.nz,New enrolment enquiry submission for Inspired Kindergartens,"",2026-04-20 17:46:24 +1200,
af5d6a5c-379a-4298-ba57-aa428bd1b4c1,Processed,papamoa@ikindergartens.nz,New enrolment enquiry submission for Inspired Kindergartens,,2026-04-20 17:46:20 +1200,
03b6ebc8-0b31-4eb0-ae5f-56da141e7238,Delivered,brookfield@ikindergartens.nz,New enrolment enquiry submission for Inspired Kindergartens,"",2026-04-20 15:16:32 +1200,
03b6ebc8-0b31-4eb0-ae5f-56da141e7238,Processed,brookfield@ikindergartens.nz,New enrolment enquiry submission for Inspired Kindergartens,,2026-04-20 15:16:27 +1200,
add84d80-950b-4909-83c7-8ae7157d8db6,Delivered,otumoetai@ikindergartens.nz,New enrolment enquiry submission for Inspired Kindergartens,"",2026-04-20 14:33:24 +1200,
add84d80-950b-4909-83c7-8ae7157d8db6,Processed,otumoetai@ikindergartens.nz,New enrolment enquiry submission for Inspired Kindergartens,,2026-04-20 14:33:20 +1200,
9349f7a6-0486-43ca-8aed-9df17c49cfb8,Delivered,tepuke@ikindergartens.nz,New enrolment enquiry submission for Inspired Kindergartens,"",2026-04-20 11:03:38 +1200,
9349f7a6-0486-43ca-8aed-9df17c49cfb8,Processed,tepuke@ikindergartens.nz,New enrolment enquiry submission for Inspired Kindergartens,,2026-04-20 11:03:35 +1200,
4092b993-6677-4d8e-84e7-1b84f15f1f4f,Opened,gwenrogers@ikindergartens.nz,New enrolment enquiry submission for Inspired Kindergartens,"",2026-04-20 09:49:06 +1200,
5e61c866-b07c-48e3-8630-7652f6638bb4,Opened,gwenrogers@ikindergartens.nz,New enrolment enquiry submission for Inspired Kindergartens,"",2026-04-20 09:33:20 +1200,
4092b993-6677-4d8e-84e7-1b84f15f1f4f,Delivered,gwenrogers@ikindergartens.nz,New enrolment enquiry submission for Inspired Kindergartens,"",2026-04-20 09:32:05 +1200,
4092b993-6677-4d8e-84e7-1b84f15f1f4f,Processed,gwenrogers@ikindergartens.nz,New enrolment enquiry submission for Inspired Kindergartens,,2026-04-20 09:32:01 +1200,
9e151eac-a8b1-430d-9f5c-371a1732a61d,Opened,office@ikindergartens.nz,New contact submission from 'Rose Cairns Morrison' to 'Office',"",2026-04-20 09:12:17 +1200,
4f100d2f-3402-44cd-99a5-0b29852e0836,Opened,welcomebay@ikindergartens.nz,New enrolment enquiry submission for Inspired Kindergartens,"",2026-04-20 08:32:18 +1200,
3209bb11-523d-4733-ac85-b92cf654720d,Delivered,carolyn.oconnor@ikindergartens.nz,New contact submission from 'Fariyal maaz' to 'Carolyn O'Connor',"",2026-04-19 21:17:57 +1200,
3209bb11-523d-4733-ac85-b92cf654720d,Processed,carolyn.oconnor@ikindergartens.nz,New contact submission from 'Fariyal maaz' to 'Carolyn O'Connor',,2026-04-19 21:17:53 +1200,
14270a7c-400c-46af-be23-7a540cafa87d,Delivered,carolyn.oconnor@ikindergartens.nz,New contact submission from 'Fariyal Maaz' to 'Carolyn O'Connor',"",2026-04-19 21:17:40 +1200,
14270a7c-400c-46af-be23-7a540cafa87d,Processed,carolyn.oconnor@ikindergartens.nz,New contact submission from 'Fariyal Maaz' to 'Carolyn O'Connor',,2026-04-19 21:17:35 +1200,
cc81bb5e-9443-47d1-be80-7b9f88b0da48,Delivered,carolyn.oconnor@ikindergartens.nz,New contact submission from 'Fariyal Maaz' to 'Carolyn O'Connor',"",2026-04-19 21:16:18 +1200,
cc81bb5e-9443-47d1-be80-7b9f88b0da48,Processed,carolyn.oconnor@ikindergartens.nz,New contact submission from 'Fariyal Maaz' to 'Carolyn O'Connor',,2026-04-19 21:16:14 +1200,
439f0afd-8f10-4d08-94ca-07cb4043fd05,Delivered,carolyn.oconnor@ikindergartens.nz,New contact submission from 'Fariyal Maaz' to 'Carolyn O'Connor',"",2026-04-19 21:16:04 +1200,
439f0afd-8f10-4d08-94ca-07cb4043fd05,Processed,carolyn.oconnor@ikindergartens.nz,New contact submission from 'Fariyal Maaz' to 'Carolyn O'Connor',,2026-04-19 21:15:59 +1200,
5711a73c-0fc0-40bf-bc77-294e1b20663a,Delivered,carolyn.oconnor@ikindergartens.nz,New contact submission from 'Fariyal Maaz' to 'Carolyn O'Connor',"",2026-04-19 21:15:43 +1200,
5711a73c-0fc0-40bf-bc77-294e1b20663a,Processed,carolyn.oconnor@ikindergartens.nz,New contact submission from 'Fariyal Maaz' to 'Carolyn O'Connor',,2026-04-19 21:15:39 +1200,
7404864c-3af2-4c91-9dd7-c7b5d3c0bff1,Delivered,carolyn.oconnor@ikindergartens.nz,New contact submission from 'Fariyal Maaz' to 'Carolyn O'Connor',"",2026-04-19 21:12:58 +1200,
7404864c-3af2-4c91-9dd7-c7b5d3c0bff1,Processed,carolyn.oconnor@ikindergartens.nz,New contact submission from 'Fariyal Maaz' to 'Carolyn O'Connor',,2026-04-19 21:12:54 +1200,
3b71cdaf-8ea6-45e6-bc4c-17fc7a9e813d,Delivered,carolyn.oconnor@ikindergartens.nz,New contact submission from 'Fariyal maaz' to 'Carolyn O'Connor',"",2026-04-19 21:08:43 +1200,
3b71cdaf-8ea6-45e6-bc4c-17fc7a9e813d,Processed,carolyn.oconnor@ikindergartens.nz,New contact submission from 'Fariyal maaz' to 'Carolyn O'Connor',,2026-04-19 21:08:39 +1200,
f558ebfe-7796-45a9-bec2-450dd1619177,Delivered,papamoa@ikindergartens.nz,New enrolment enquiry submission for Inspired Kindergartens,"",2026-04-19 17:01:39 +1200,
f558ebfe-7796-45a9-bec2-450dd1619177,Processed,papamoa@ikindergartens.nz,New enrolment enquiry submission for Inspired Kindergartens,,2026-04-19 17:01:35 +1200,
9e151eac-a8b1-430d-9f5c-371a1732a61d,Delivered,office@ikindergartens.nz,New contact submission from 'Rose Cairns Morrison' to 'Office',"",2026-04-19 15:51:10 +1200,
9e151eac-a8b1-430d-9f5c-371a1732a61d,Processed,office@ikindergartens.nz,New contact submission from 'Rose Cairns Morrison' to 'Office',,2026-04-19 15:51:06 +1200,
4f100d2f-3402-44cd-99a5-0b29852e0836,Delivered,welcomebay@ikindergartens.nz,New enrolment enquiry submission for Inspired Kindergartens,"",2026-04-19 08:52:12 +1200,
4f100d2f-3402-44cd-99a5-0b29852e0836,Processed,welcomebay@ikindergartens.nz,New enrolment enquiry submission for Inspired Kindergartens,,2026-04-19 08:52:07 +1200,
5e61c866-b07c-48e3-8630-7652f6638bb4,Delivered,gwenrogers@ikindergartens.nz,New enrolment enquiry submission for Inspired Kindergartens,"",2026-04-18 21:34:31 +1200,
5e61c866-b07c-48e3-8630-7652f6638bb4,Processed,gwenrogers@ikindergartens.nz,New enrolment enquiry submission for Inspired Kindergartens,,2026-04-18 21:34:27 +1200,
d9a6990e-950c-4bfa-8c4d-2ba186e3d5a2,Delivered,papamoacoast@ikindergartens.nz,New enrolment enquiry submission for Inspired Kindergartens,"",2026-04-18 21:13:10 +1200,
d9a6990e-950c-4bfa-8c4d-2ba186e3d5a2,Processed,papamoacoast@ikindergartens.nz,New enrolment enquiry submission for Inspired Kindergartens,,2026-04-18 21:13:06 +1200,
6e71a35e-f098-48ac-9cb7-3f48641589a8,Delivered,marion.dekker@ikindergartens.nz,New contact submission from 'Isabel masters' to 'Marion Dekker',"",2026-04-18 19:48:45 +1200,
6e71a35e-f098-48ac-9cb7-3f48641589a8,Processed,marion.dekker@ikindergartens.nz,New contact submission from 'Isabel masters' to 'Marion Dekker',,2026-04-18 19:48:41 +1200,
9f93dd71-e604-480a-86fd-a799a63ccd92,Opened,arataki@ikindergartens.nz,New enrolment enquiry submission for Inspired Kindergartens,"",2026-04-18 10:23:59 +1200,
9f93dd71-e604-480a-86fd-a799a63ccd92,Delivered,arataki@ikindergartens.nz,New enrolment enquiry submission for Inspired Kindergartens,"",2026-04-18 10:20:32 +1200,
9f93dd71-e604-480a-86fd-a799a63ccd92,Processed,arataki@ikindergartens.nz,New enrolment enquiry submission for Inspired Kindergartens,,2026-04-18 10:20:28 +1200,
